page_url,page
https://www.allrecipes.com/recipes/362/desserts/cookies/?page=1,page 1 of 259
https://www.allrecipes.com/recipes/362/desserts/cookies/?page=2,page 2 of 259
https://www.allrecipes.com/recipes/362/desserts/cookies/?page=3,page 3 of 259
https://www.allrecipes.com/recipes/362/desserts/cookies/?page=4,page 4 of 259
https://www.allrecipes.com/recipes/362/desserts/cookies/?page=5,page 5 of 259
https://www.allrecipes.com/recipes/362/desserts/cookies/?page=6,page 6 of 259
https://www.allrecipes.com/recipes/362/desserts/cookies/?page=7,page 7 of 259
https://www.allrecipes.com/recipes/362/desserts/cookies/?page=8,page 8 of 259
https://www.allrecipes.com/recipes/362/desserts/cookies/?page=9,page 9 of 259
https://www.allrecipes.com/recipes/362/desserts/cookies/?page=10,page 10 of 259
https://www.allrecipes.com/recipes/362/desserts/cookies/?page=11,page 11 of 259
https://www.allrecipes.com/recipes/362/desserts/cookies/?page=12,page 12 of 259
https://www.allrecipes.com/recipes/362/desserts/cookies/?page=13,page 13 of 259
https://www.allrecipes.com/recipes/362/desserts/cookies/?page=14,page 14 of 259
https://www.allrecipes.com/recipes/362/desserts/cookies/?page=15,page 15 of 259
https://www.allrecipes.com/recipes/362/desserts/cookies/?page=16,page 16 of 259
https://www.allrecipes.com/recipes/362/desserts/cookies/?page=17,page 17 of 259
https://www.allrecipes.com/recipes/362/desserts/cookies/?page=18,page 18 of 259
https://www.allrecipes.com/recipes/362/desserts/cookies/?page=19,page 19 of 259
https://www.allrecipes.com/recipes/362/desserts/cookies/?page=20,page 20 of 259
https://www.allrecipes.com/recipes/362/desserts/cookies/?page=21,page 21 of 259
https://www.allrecipes.com/recipes/362/desserts/cookies/?page=22,page 22 of 259
https://www.allrecipes.com/recipes/362/desserts/cookies/?page=23,page 23 of 259
https://www.allrecipes.com/recipes/362/desserts/cookies/?page=24,page 24 of 259
https://www.allrecipes.com/recipes/362/desserts/cookies/?page=25,page 25 of 259
https://www.allrecipes.com/recipes/362/desserts/cookies/?page=26,page 26 of 259
https://www.allrecipes.com/recipes/362/desserts/cookies/?page=27,page 27 of 259
https://www.allrecipes.com/recipes/362/desserts/cookies/?page=28,page 28 of 259
https://www.allrecipes.com/recipes/362/desserts/cookies/?page=29,page 29 of 259
https://www.allrecipes.com/recipes/362/desserts/cookies/?page=30,page 30 of 259
https://www.allrecipes.com/recipes/362/desserts/cookies/?page=31,page 31 of 259
https://www.allrecipes.com/recipes/362/desserts/cookies/?page=32,page 32 of 259
https://www.allrecipes.com/recipes/362/desserts/cookies/?page=33,page 33 of 259
https://www.allrecipes.com/recipes/362/desserts/cookies/?page=34,page 34 of 259
https://www.allrecipes.com/recipes/362/desserts/cookies/?page=35,page 35 of 259
https://www.allrecipes.com/recipes/362/desserts/cookies/?page=36,page 36 of 259
https://www.allrecipes.com/recipes/362/desserts/cookies/?page=37,page 37 of 259
https://www.allrecipes.com/recipes/362/desserts/cookies/?page=38,page 38 of 259
https://www.allrecipes.com/recipes/362/desserts/cookies/?page=39,page 39 of 259
https://www.allrecipes.com/recipes/362/desserts/cookies/?page=40,page 40 of 259
https://www.allrecipes.com/recipes/362/desserts/cookies/?page=41,page 41 of 259
https://www.allrecipes.com/recipes/362/desserts/cookies/?page=42,page 42 of 259
https://www.allrecipes.com/recipes/362/desserts/cookies/?page=43,page 43 of 259
https://www.allrecipes.com/recipes/362/desserts/cookies/?page=44,page 44 of 259
https://www.allrecipes.com/recipes/362/desserts/cookies/?page=45,page 45 of 259
https://www.allrecipes.com/recipes/362/desserts/cookies/?page=46,page 46 of 259
https://www.allrecipes.com/recipes/362/desserts/cookies/?page=47,page 47 of 259
https://www.allrecipes.com/recipes/362/desserts/cookies/?page=48,page 48 of 259
https://www.allrecipes.com/recipes/362/desserts/cookies/?page=49,page 49 of 259
https://www.allrecipes.com/recipes/362/desserts/cookies/?page=50,page 50 of 259
https://www.allrecipes.com/recipes/362/desserts/cookies/?page=51,page 51 of 259
https://www.allrecipes.com/recipes/362/desserts/cookies/?page=52,page 52 of 259
https://www.allrecipes.com/recipes/362/desserts/cookies/?page=53,page 53 of 259
https://www.allrecipes.com/recipes/362/desserts/cookies/?page=54,page 54 of 259
https://www.allrecipes.com/recipes/362/desserts/cookies/?page=55,page 55 of 259
https://www.allrecipes.com/recipes/362/desserts/cookies/?page=56,page 56 of 259
https://www.allrecipes.com/recipes/362/desserts/cookies/?page=57,page 57 of 259
https://www.allrecipes.com/recipes/362/desserts/cookies/?page=58,page 58 of 259
https://www.allrecipes.com/recipes/362/desserts/cookies/?page=59,page 59 of 259
https://www.allrecipes.com/recipes/362/desserts/cookies/?page=60,page 60 of 259
https://www.allrecipes.com/recipes/362/desserts/cookies/?page=61,page 61 of 259
https://www.allrecipes.com/recipes/362/desserts/cookies/?page=62,page 62 of 259
https://www.allrecipes.com/recipes/362/desserts/cookies/?page=63,page 63 of 259
https://www.allrecipes.com/recipes/362/desserts/cookies/?page=64,page 64 of 259
https://www.allrecipes.com/recipes/362/desserts/cookies/?page=65,page 65 of 259
https://www.allrecipes.com/recipes/362/desserts/cookies/?page=66,page 66 of 259
https://www.allrecipes.com/recipes/362/desserts/cookies/?page=67,page 67 of 259
https://www.allrecipes.com/recipes/362/desserts/cookies/?page=68,page 68 of 259
https://www.allrecipes.com/recipes/362/desserts/cookies/?page=69,page 69 of 259
https://www.allrecipes.com/recipes/362/desserts/cookies/?page=70,page 70 of 259
https://www.allrecipes.com/recipes/362/desserts/cookies/?page=71,page 71 of 259
https://www.allrecipes.com/recipes/362/desserts/cookies/?page=72,page 72 of 259
https://www.allrecipes.com/recipes/362/desserts/cookies/?page=73,page 73 of 259
https://www.allrecipes.com/recipes/362/desserts/cookies/?page=74,page 74 of 259
https://www.allrecipes.com/recipes/362/desserts/cookies/?page=75,page 75 of 259
https://www.allrecipes.com/recipes/362/desserts/cookies/?page=76,page 76 of 259
https://www.allrecipes.com/recipes/362/desserts/cookies/?page=77,page 77 of 259
https://www.allrecipes.com/recipes/362/desserts/cookies/?page=78,page 78 of 259
https://www.allrecipes.com/recipes/362/desserts/cookies/?page=79,page 79 of 259
https://www.allrecipes.com/recipes/362/desserts/cookies/?page=80,page 80 of 259
https://www.allrecipes.com/recipes/362/desserts/cookies/?page=81,page 81 of 259
https://www.allrecipes.com/recipes/362/desserts/cookies/?page=82,page 82 of 259
https://www.allrecipes.com/recipes/362/desserts/cookies/?page=83,page 83 of 259
https://www.allrecipes.com/recipes/362/desserts/cookies/?page=84,page 84 of 259
https://www.allrecipes.com/recipes/362/desserts/cookies/?page=85,page 85 of 259
https://www.allrecipes.com/recipes/362/desserts/cookies/?page=86,page 86 of 259
https://www.allrecipes.com/recipes/362/desserts/cookies/?page=87,page 87 of 259
https://www.allrecipes.com/recipes/362/desserts/cookies/?page=88,page 88 of 259
https://www.allrecipes.com/recipes/362/desserts/cookies/?page=89,page 89 of 259
https://www.allrecipes.com/recipes/362/desserts/cookies/?page=90,page 90 of 259
https://www.allrecipes.com/recipes/362/desserts/cookies/?page=91,page 91 of 259
https://www.allrecipes.com/recipes/362/desserts/cookies/?page=92,page 92 of 259
https://www.allrecipes.com/recipes/362/desserts/cookies/?page=93,page 93 of 259
https://www.allrecipes.com/recipes/362/desserts/cookies/?page=94,page 94 of 259
https://www.allrecipes.com/recipes/362/desserts/cookies/?page=95,page 95 of 259
https://www.allrecipes.com/recipes/362/desserts/cookies/?page=96,page 96 of 259
https://www.allrecipes.com/recipes/362/desserts/cookies/?page=97,page 97 of 259
https://www.allrecipes.com/recipes/362/desserts/cookies/?page=98,page 98 of 259
https://www.allrecipes.com/recipes/362/desserts/cookies/?page=99,page 99 of 259
https://www.allrecipes.com/recipes/362/desserts/cookies/?page=100,page 100 of 259
https://www.allrecipes.com/recipes/362/desserts/cookies/?page=101,page 101 of 259
https://www.allrecipes.com/recipes/362/desserts/cookies/?page=102,page 102 of 259
https://www.allrecipes.com/recipes/362/desserts/cookies/?page=103,page 103 of 259
https://www.allrecipes.com/recipes/362/desserts/cookies/?page=104,page 104 of 259
https://www.allrecipes.com/recipes/362/desserts/cookies/?page=105,page 105 of 259
https://www.allrecipes.com/recipes/362/desserts/cookies/?page=106,page 106 of 259
https://www.allrecipes.com/recipes/362/desserts/cookies/?page=107,page 107 of 259
https://www.allrecipes.com/recipes/362/desserts/cookies/?page=108,page 108 of 259
https://www.allrecipes.com/recipes/362/desserts/cookies/?page=109,page 109 of 259
https://www.allrecipes.com/recipes/362/desserts/cookies/?page=110,page 110 of 259
https://www.allrecipes.com/recipes/362/desserts/cookies/?page=111,page 111 of 259
https://www.allrecipes.com/recipes/362/desserts/cookies/?page=112,page 112 of 259
https://www.allrecipes.com/recipes/362/desserts/cookies/?page=113,page 113 of 259
https://www.allrecipes.com/recipes/362/desserts/cookies/?page=114,page 114 of 259
https://www.allrecipes.com/recipes/362/desserts/cookies/?page=115,page 115 of 259
https://www.allrecipes.com/recipes/362/desserts/cookies/?page=116,page 116 of 259
https://www.allrecipes.com/recipes/362/desserts/cookies/?page=117,page 117 of 259
https://www.allrecipes.com/recipes/362/desserts/cookies/?page=118,page 118 of 259
https://www.allrecipes.com/recipes/362/desserts/cookies/?page=119,page 119 of 259
https://www.allrecipes.com/recipes/362/desserts/cookies/?page=120,page 120 of 259
https://www.allrecipes.com/recipes/362/desserts/cookies/?page=121,page 121 of 259
https://www.allrecipes.com/recipes/362/desserts/cookies/?page=122,page 122 of 259
https://www.allrecipes.com/recipes/362/desserts/cookies/?page=123,page 123 of 259
https://www.allrecipes.com/recipes/362/desserts/cookies/?page=124,page 124 of 259
https://www.allrecipes.com/recipes/362/desserts/cookies/?page=125,page 125 of 259
https://www.allrecipes.com/recipes/362/desserts/cookies/?page=126,page 126 of 259
https://www.allrecipes.com/recipes/362/desserts/cookies/?page=127,page 127 of 259
https://www.allrecipes.com/recipes/362/desserts/cookies/?page=128,page 128 of 259
https://www.allrecipes.com/recipes/362/desserts/cookies/?page=129,page 129 of 259
https://www.allrecipes.com/recipes/362/desserts/cookies/?page=130,page 130 of 259
https://www.allrecipes.com/recipes/362/desserts/cookies/?page=131,page 131 of 259
https://www.allrecipes.com/recipes/362/desserts/cookies/?page=132,page 132 of 259
https://www.allrecipes.com/recipes/362/desserts/cookies/?page=133,page 133 of 259
https://www.allrecipes.com/recipes/362/desserts/cookies/?page=134,page 134 of 259
https://www.allrecipes.com/recipes/362/desserts/cookies/?page=135,page 135 of 259
https://www.allrecipes.com/recipes/362/desserts/cookies/?page=136,page 136 of 259
https://www.allrecipes.com/recipes/362/desserts/cookies/?page=137,page 137 of 259
https://www.allrecipes.com/recipes/362/desserts/cookies/?page=138,page 138 of 259
https://www.allrecipes.com/recipes/362/desserts/cookies/?page=139,page 139 of 259
https://www.allrecipes.com/recipes/362/desserts/cookies/?page=140,page 140 of 259
https://www.allrecipes.com/recipes/362/desserts/cookies/?page=141,page 141 of 259
https://www.allrecipes.com/recipes/362/desserts/cookies/?page=142,page 142 of 259
https://www.allrecipes.com/recipes/362/desserts/cookies/?page=143,page 143 of 259
https://www.allrecipes.com/recipes/362/desserts/cookies/?page=144,page 144 of 259
https://www.allrecipes.com/recipes/362/desserts/cookies/?page=145,page 145 of 259
https://www.allrecipes.com/recipes/362/desserts/cookies/?page=146,page 146 of 259
https://www.allrecipes.com/recipes/362/desserts/cookies/?page=147,page 147 of 259
https://www.allrecipes.com/recipes/362/desserts/cookies/?page=148,page 148 of 259
https://www.allrecipes.com/recipes/362/desserts/cookies/?page=149,page 149 of 259
https://www.allrecipes.com/recipes/362/desserts/cookies/?page=150,page 150 of 259
https://www.allrecipes.com/recipes/362/desserts/cookies/?page=151,page 151 of 259
https://www.allrecipes.com/recipes/362/desserts/cookies/?page=152,page 152 of 259
https://www.allrecipes.com/recipes/362/desserts/cookies/?page=153,page 153 of 259
https://www.allrecipes.com/recipes/362/desserts/cookies/?page=154,page 154 of 259
https://www.allrecipes.com/recipes/362/desserts/cookies/?page=155,page 155 of 259
https://www.allrecipes.com/recipes/362/desserts/cookies/?page=156,page 156 of 259
https://www.allrecipes.com/recipes/362/desserts/cookies/?page=157,page 157 of 259
https://www.allrecipes.com/recipes/362/desserts/cookies/?page=158,page 158 of 259
https://www.allrecipes.com/recipes/362/desserts/cookies/?page=159,page 159 of 259
https://www.allrecipes.com/recipes/362/desserts/cookies/?page=160,page 160 of 259
https://www.allrecipes.com/recipes/362/desserts/cookies/?page=161,page 161 of 259
https://www.allrecipes.com/recipes/362/desserts/cookies/?page=162,page 162 of 259
https://www.allrecipes.com/recipes/362/desserts/cookies/?page=163,page 163 of 259
https://www.allrecipes.com/recipes/362/desserts/cookies/?page=164,page 164 of 259
https://www.allrecipes.com/recipes/362/desserts/cookies/?page=165,page 165 of 259
https://www.allrecipes.com/recipes/362/desserts/cookies/?page=166,page 166 of 259
https://www.allrecipes.com/recipes/362/desserts/cookies/?page=167,page 167 of 259
https://www.allrecipes.com/recipes/362/desserts/cookies/?page=168,page 168 of 259
https://www.allrecipes.com/recipes/362/desserts/cookies/?page=169,page 169 of 259
https://www.allrecipes.com/recipes/362/desserts/cookies/?page=170,page 170 of 259
https://www.allrecipes.com/recipes/362/desserts/cookies/?page=171,page 171 of 259
https://www.allrecipes.com/recipes/362/desserts/cookies/?page=172,page 172 of 259
https://www.allrecipes.com/recipes/362/desserts/cookies/?page=173,page 173 of 259
https://www.allrecipes.com/recipes/362/desserts/cookies/?page=174,page 174 of 259
https://www.allrecipes.com/recipes/362/desserts/cookies/?page=175,page 175 of 259
https://www.allrecipes.com/recipes/362/desserts/cookies/?page=176,page 176 of 259
https://www.allrecipes.com/recipes/362/desserts/cookies/?page=177,page 177 of 259
https://www.allrecipes.com/recipes/362/desserts/cookies/?page=178,page 178 of 259
https://www.allrecipes.com/recipes/362/desserts/cookies/?page=179,page 179 of 259
https://www.allrecipes.com/recipes/362/desserts/cookies/?page=180,page 180 of 259
https://www.allrecipes.com/recipes/362/desserts/cookies/?page=181,page 181 of 259
https://www.allrecipes.com/recipes/362/desserts/cookies/?page=182,page 182 of 259
https://www.allrecipes.com/recipes/362/desserts/cookies/?page=183,page 183 of 259
https://www.allrecipes.com/recipes/362/desserts/cookies/?page=184,page 184 of 259
https://www.allrecipes.com/recipes/362/desserts/cookies/?page=185,page 185 of 259
https://www.allrecipes.com/recipes/362/desserts/cookies/?page=186,page 186 of 259
https://www.allrecipes.com/recipes/362/desserts/cookies/?page=187,page 187 of 259
https://www.allrecipes.com/recipes/362/desserts/cookies/?page=188,page 188 of 259
https://www.allrecipes.com/recipes/362/desserts/cookies/?page=189,page 189 of 259
https://www.allrecipes.com/recipes/362/desserts/cookies/?page=190,page 190 of 259
https://www.allrecipes.com/recipes/362/desserts/cookies/?page=191,page 191 of 259
https://www.allrecipes.com/recipes/362/desserts/cookies/?page=192,page 192 of 259
https://www.allrecipes.com/recipes/362/desserts/cookies/?page=193,page 193 of 259
https://www.allrecipes.com/recipes/362/desserts/cookies/?page=194,page 194 of 259
https://www.allrecipes.com/recipes/362/desserts/cookies/?page=195,page 195 of 259
https://www.allrecipes.com/recipes/362/desserts/cookies/?page=196,page 196 of 259
https://www.allrecipes.com/recipes/362/desserts/cookies/?page=197,page 197 of 259
https://www.allrecipes.com/recipes/362/desserts/cookies/?page=198,page 198 of 259
https://www.allrecipes.com/recipes/362/desserts/cookies/?page=199,page 199 of 259
https://www.allrecipes.com/recipes/362/desserts/cookies/?page=200,page 200 of 259
https://www.allrecipes.com/recipes/362/desserts/cookies/?page=201,page 201 of 259
https://www.allrecipes.com/recipes/362/desserts/cookies/?page=202,page 202 of 259
https://www.allrecipes.com/recipes/362/desserts/cookies/?page=203,page 203 of 259
https://www.allrecipes.com/recipes/362/desserts/cookies/?page=204,page 204 of 259
https://www.allrecipes.com/recipes/362/desserts/cookies/?page=205,page 205 of 259
https://www.allrecipes.com/recipes/362/desserts/cookies/?page=206,page 206 of 259
https://www.allrecipes.com/recipes/362/desserts/cookies/?page=207,page 207 of 259
https://www.allrecipes.com/recipes/362/desserts/cookies/?page=208,page 208 of 259
https://www.allrecipes.com/recipes/362/desserts/cookies/?page=209,page 209 of 259
https://www.allrecipes.com/recipes/362/desserts/cookies/?page=210,page 210 of 259
https://www.allrecipes.com/recipes/362/desserts/cookies/?page=211,page 211 of 259
https://www.allrecipes.com/recipes/362/desserts/cookies/?page=212,page 212 of 259
https://www.allrecipes.com/recipes/362/desserts/cookies/?page=213,page 213 of 259
https://www.allrecipes.com/recipes/362/desserts/cookies/?page=214,page 214 of 259
https://www.allrecipes.com/recipes/362/desserts/cookies/?page=215,page 215 of 259
https://www.allrecipes.com/recipes/362/desserts/cookies/?page=216,page 216 of 259
https://www.allrecipes.com/recipes/362/desserts/cookies/?page=217,page 217 of 259
https://www.allrecipes.com/recipes/362/desserts/cookies/?page=218,page 218 of 259
https://www.allrecipes.com/recipes/362/desserts/cookies/?page=219,page 219 of 259
https://www.allrecipes.com/recipes/362/desserts/cookies/?page=220,page 220 of 259
https://www.allrecipes.com/recipes/362/desserts/cookies/?page=221,page 221 of 259
https://www.allrecipes.com/recipes/362/desserts/cookies/?page=222,page 222 of 259
https://www.allrecipes.com/recipes/362/desserts/cookies/?page=223,page 223 of 259
https://www.allrecipes.com/recipes/362/desserts/cookies/?page=224,page 224 of 259
https://www.allrecipes.com/recipes/362/desserts/cookies/?page=225,page 225 of 259
https://www.allrecipes.com/recipes/362/desserts/cookies/?page=226,page 226 of 259
https://www.allrecipes.com/recipes/362/desserts/cookies/?page=227,page 227 of 259
https://www.allrecipes.com/recipes/362/desserts/cookies/?page=228,page 228 of 259
https://www.allrecipes.com/recipes/362/desserts/cookies/?page=229,page 229 of 259
https://www.allrecipes.com/recipes/362/desserts/cookies/?page=230,page 230 of 259
https://www.allrecipes.com/recipes/362/desserts/cookies/?page=231,page 231 of 259
https://www.allrecipes.com/recipes/362/desserts/cookies/?page=232,page 232 of 259
https://www.allrecipes.com/recipes/362/desserts/cookies/?page=233,page 233 of 259
https://www.allrecipes.com/recipes/362/desserts/cookies/?page=234,page 234 of 259
https://www.allrecipes.com/recipes/362/desserts/cookies/?page=235,page 235 of 259
https://www.allrecipes.com/recipes/362/desserts/cookies/?page=236,page 236 of 259
https://www.allrecipes.com/recipes/362/desserts/cookies/?page=237,page 237 of 259
https://www.allrecipes.com/recipes/362/desserts/cookies/?page=238,page 238 of 259
https://www.allrecipes.com/recipes/362/desserts/cookies/?page=239,page 239 of 259
https://www.allrecipes.com/recipes/362/desserts/cookies/?page=240,page 240 of 259
https://www.allrecipes.com/recipes/362/desserts/cookies/?page=241,page 241 of 259
https://www.allrecipes.com/recipes/362/desserts/cookies/?page=242,page 242 of 259
https://www.allrecipes.com/recipes/362/desserts/cookies/?page=243,page 243 of 259
https://www.allrecipes.com/recipes/362/desserts/cookies/?page=244,page 244 of 259
https://www.allrecipes.com/recipes/362/desserts/cookies/?page=245,page 245 of 259
https://www.allrecipes.com/recipes/362/desserts/cookies/?page=246,page 246 of 259
https://www.allrecipes.com/recipes/362/desserts/cookies/?page=247,page 247 of 259
https://www.allrecipes.com/recipes/362/desserts/cookies/?page=248,page 248 of 259
https://www.allrecipes.com/recipes/362/desserts/cookies/?page=249,page 249 of 259
https://www.allrecipes.com/recipes/362/desserts/cookies/?page=250,page 250 of 259
https://www.allrecipes.com/recipes/362/desserts/cookies/?page=251,page 251 of 259
https://www.allrecipes.com/recipes/362/desserts/cookies/?page=252,page 252 of 259
https://www.allrecipes.com/recipes/362/desserts/cookies/?page=253,page 253 of 259
https://www.allrecipes.com/recipes/362/desserts/cookies/?page=254,page 254 of 259
https://www.allrecipes.com/recipes/362/desserts/cookies/?page=255,page 255 of 259
https://www.allrecipes.com/recipes/362/desserts/cookies/?page=256,page 256 of 259
https://www.allrecipes.com/recipes/362/desserts/cookies/?page=257,page 257 of 259
https://www.allrecipes.com/recipes/362/desserts/cookies/?page=258,page 258 of 259
https://www.allrecipes.com/recipes/362/desserts/cookies/?page=259,page 259 of 259
